equipo,fecha,pronostico,ic_inferior,ic_superior,metodo,horizonte_dias,es_punto_de_control
Equipo1,2023-09-01,454.15630565979933,,,VECM,63,False
Equipo1,2023-09-04,452.0178011541035,,,VECM,63,False
Equipo1,2023-09-05,452.0335189229742,,,VECM,63,False
Equipo1,2023-09-06,451.648280059492,,,VECM,63,False
Equipo1,2023-09-07,451.5761662572501,,,VECM,63,False
Equipo1,2023-09-08,451.4920967656474,,,VECM,63,False
Equipo1,2023-09-11,451.46261807043385,,,VECM,63,False
Equipo1,2023-09-12,451.4415890129838,,,VECM,63,False
Equipo1,2023-09-13,451.43213323355326,,,VECM,63,False
Equipo1,2023-09-14,451.4264671825826,,,VECM,63,False
Equipo1,2023-09-15,451.4236440662417,,,VECM,63,False
Equipo1,2023-09-18,451.42206376212783,,,VECM,63,False
Equipo1,2023-09-19,451.42124255823325,,,VECM,63,False
Equipo1,2023-09-20,451.42079521309256,,,VECM,63,False
Equipo1,2023-09-21,451.42055873850643,,,VECM,63,False
Equipo1,2023-09-22,451.42043132480893,,,VECM,63,False
Equipo1,2023-09-25,451.4203635026623,,,VECM,63,False
Equipo1,2023-09-26,451.4203271211244,,,VECM,63,False
Equipo1,2023-09-27,451.42030770078736,,,VECM,63,False
Equipo1,2023-09-28,451.4202973018413,,,VECM,63,False
Equipo1,2023-09-29,451.4202917446052,,,VECM,63,False
Equipo1,2023-10-02,451.4202887710415,,,VECM,63,False
Equipo1,2023-10-03,451.42028718122646,,,VECM,63,False
Equipo1,2023-10-04,451.4202863307977,,,VECM,63,False
Equipo1,2023-10-05,451.4202858760319,,,VECM,63,False
Equipo1,2023-10-06,451.4202856327958,,,VECM,63,False
Equipo1,2023-10-09,451.42028550271544,,,VECM,63,False
Equipo1,2023-10-10,451.42028543314404,,,VECM,63,False
Equipo1,2023-10-11,451.4202853959363,,,VECM,63,False
Equipo1,2023-10-12,451.4202853760367,,,VECM,63,False
Equipo1,2023-10-13,451.42028536539334,,,VECM,63,False
Equipo1,2023-10-16,451.42028535970115,,,VECM,63,False
Equipo1,2023-10-17,451.4202853566568,,,VECM,63,False
Equipo1,2023-10-18,451.42028535502857,,,VECM,63,False
Equipo1,2023-10-19,451.4202853541577,,,VECM,63,False
Equipo1,2023-10-20,451.42028535369184,,,VECM,63,False
Equipo1,2023-10-23,451.42028535344247,,,VECM,63,False
Equipo1,2023-10-24,451.42028535330934,,,VECM,63,False
Equipo1,2023-10-25,451.42028535323794,,,VECM,63,False
Equipo1,2023-10-26,451.42028535319946,,,VECM,63,False
Equipo1,2023-10-27,451.42028535317866,,,VECM,63,False
Equipo1,2023-10-30,451.420285353167,,,VECM,63,False
Equipo1,2023-10-31,451.420285353161,,,VECM,63,False
Equipo1,2023-11-01,451.4202853531574,,,VECM,63,False
Equipo1,2023-11-02,451.4202853531558,,,VECM,63,False
Equipo1,2023-11-03,451.42028535315416,,,VECM,63,False
Equipo1,2023-11-06,451.42028535315336,,,VECM,63,False
Equipo1,2023-11-07,451.42028535315256,,,VECM,63,False
Equipo1,2023-11-08,451.42028535315217,,,VECM,63,False
Equipo1,2023-11-09,451.42028535315177,,,VECM,63,False
Equipo1,2023-11-10,451.42028535315137,,,VECM,63,False
Equipo1,2023-11-13,451.420285353151,,,VECM,63,False
Equipo1,2023-11-14,451.420285353151,,,VECM,63,False
Equipo1,2023-11-15,451.420285353151,,,VECM,63,False
Equipo1,2023-11-16,451.420285353151,,,VECM,63,False
Equipo1,2023-11-17,451.420285353151,,,VECM,63,False
Equipo1,2023-11-20,451.420285353151,,,VECM,63,False
Equipo1,2023-11-21,451.420285353151,,,VECM,63,False
Equipo1,2023-11-22,451.420285353151,,,VECM,63,False
Equipo1,2023-11-23,451.420285353151,,,VECM,63,False
Equipo1,2023-11-24,451.420285353151,,,VECM,63,False
Equipo1,2023-11-27,451.420285353151,,,VECM,63,False
Equipo1,2023-11-28,451.420285353151,398.9320227815964,583.1305141676747,VECM,63,True
Equipo2,2023-09-01,953.424852405104,,,VECM,21,False
Equipo2,2023-09-04,953.4491895387927,,,VECM,21,False
Equipo2,2023-09-05,952.8439029742452,,,VECM,21,False
Equipo2,2023-09-06,952.5779474884376,,,VECM,21,False
Equipo2,2023-09-07,952.2095997850182,,,VECM,21,False
Equipo2,2023-09-08,951.937071532804,,,VECM,21,False
Equipo2,2023-09-11,951.6639481873289,,,VECM,21,False
Equipo2,2023-09-12,951.4304846416792,,,VECM,21,False
Equipo2,2023-09-13,951.2141716170692,,,VECM,21,False
Equipo2,2023-09-14,951.0219098352599,,,VECM,21,False
Equipo2,2023-09-15,950.8473480576475,,,VECM,21,False
Equipo2,2023-09-18,950.690576619241,,,VECM,21,False
Equipo2,2023-09-19,950.5489889928261,,,VECM,21,False
Equipo2,2023-09-20,950.4214797891851,,,VECM,21,False
Equipo2,2023-09-21,950.3064780596658,,,VECM,21,False
Equipo2,2023-09-22,950.2028341002086,,,VECM,21,False
Equipo2,2023-09-25,950.1093888681767,,,VECM,21,False
Equipo2,2023-09-26,950.0251547129062,,,VECM,21,False
Equipo2,2023-09-27,949.9492152221661,,,VECM,21,False
Equipo2,2023-09-28,949.8807566289689,,,VECM,21,False
Equipo2,2023-09-29,949.8190398587496,913.8992583076185,1096.9432758709372,VECM,21,True
